b: TCR 14 + CD4 11 RBC vs pMHC 29 RBC,,
0.25,0,2.47545E-05
0.5,0.000152402,0.000205373
1,0.000429442,0.000400293
1.5,0.000611974,0.000741638
2,0.00087851,0.000809123
3,0.000949908,0.000986398
3.5,0.001428124,0.001384529
4,0.001912632,0.001807806
6,0.001807806,0.00202212
8,0.001912632,0.002136701
16,0.001912632,0.002136701
